<Ui xmlns="http://www.blizzard.com/wow/ui/" xmlns:xsi="http://www.w3.org/2001/XMLSchema-instance" xsi:schemaLocation="http://www.blizzard.com/wow/ui/
..\FrameXML\UI.xsd">
	<Script file="TitanDamageMeters.lua"/>
	<Frame parent="UIParent">
		<Frames>
			<Button name="TitanPanelDamageMetersButton" inherits="TitanPanelComboTemplate" frameStrata="FULLSCREEN" toplevel="true">
				<Scripts>
					<OnLoad>
						if (TitanPanelDamageMetersButton_OnLoad) then
							TitanPanelDamageMetersButton_OnLoad();
						end
					</OnLoad>
					<OnEvent>
						TitanPanelDamageMetersButton_OnEvent();
					</OnEvent>
					<OnClick>
						TitanPanelDamageMetersButton_OnClick(arg1);
						TitanPanelButton_OnClick(arg1);
					</OnClick>	
				</Scripts>
			</Button>
			<Button name="TitanPanelDamageMetersRightButton" inherits="TitanPanelIconTemplate" frameStrata="FULLSCREEN" toplevel="true">
				<Scripts>
					<OnLoad>
						if (TitanPanelDamageMetersRightButton_OnLoad) then
							TitanPanelDamageMetersRightButton_OnLoad();
						end
					</OnLoad>
					<OnClick>
						TitanPanelDamageMetersButton_OnClick(arg1);
						TitanPanelButton_OnClick(arg1);
					</OnClick>	
				</Scripts>
			</Button>

		</Frames>
	</Frame>	
</Ui>