<Ui xmlns="http://www.blizzard.com/wow/ui/"
xmlns:xsi="http://www.w3.org/2001/XMLSchema-instance"
xsi:schemaLocation="http://www.blizzard.com/wow/ui/FrameXML/UI.xsd">
	
	<!-- Event Frame -->
	<Frame name="AceEventFrame" parent="UIParent">
		<Scripts>
			<OnLoad>
				this:RegisterEvent("PLAYER_ENTERING_WORLD")
			</OnLoad>
			<OnEvent>
				ace.event:EventHandler()
			</OnEvent>
		</Scripts>
	</Frame>
	
	<Frame name="AceStateFrame" parent="UIParent" hidden="true">
		<Scripts>
			<OnUpdate>
				AceState:Finish()
			</OnUpdate>
		</Scripts>
	</Frame>
</Ui>