<!--$Id: OneBank.xml 12749 2006-10-03 02:19:17Z kergoth $ -->
<Ui xmlns="http://www.blizzard.com/wow/ui/" xmlns:xsi="http://www.w3.org/2001/XMLSchema-instance" xsi:schemaLocation="http://www.blizzard.com/wow/ui/FrameXML\UI.xsd">

	<Frame name="OneBankFrame" inherits="OneBagFrameTemplate" parent="UIParent"/>
	
	<Frame name="OBBBagFra" inherits="OneBagBaseFrameTemplate" parent="UIParent">
		<Size>
			<AbsDimension x="144" y="154"/>
		</Size>
		<Anchors>
			<Anchor point="TOPRIGHT" relativeTo="OneBankFrame" relativePoint="TOPLEFT">
				<Offset>
					<AbsDimension x="5" y="-10"/>
				</Offset>
			</Anchor>
		</Anchors>
		<Frames>
			<CheckButton name="$parentBag1" inherits="OneBankBagTemplate" id="5">
				<Anchors>
					<Anchor point="TOPLEFT">
						<Offset>
							<AbsDimension x="15" y="-15"/>
						</Offset>
					</Anchor>
				</Anchors>
			</CheckButton>
			<CheckButton name="$parentBag2" inherits="OneBankBagTemplate" id="6">
				<Anchors>
					<Anchor point="TOP" relativeTo="$parentBag1" relativePoint="BOTTOM">
						<Offset>
							<AbsDimension x="0" y="-2"/>
						</Offset>
					</Anchor>
				</Anchors>
			</CheckButton>
			<CheckButton name="$parentBag3" inherits="OneBankBagTemplate" id="7">
				<Anchors>
					<Anchor point="LEFT" relativeTo="$parentBag1" relativePoint="RIGHT">
						<Offset>
							<AbsDimension x="2" y="0"/>
						</Offset>
					</Anchor>
				</Anchors>
			</CheckButton>
			<CheckButton name="$parentBag4" inherits="OneBankBagTemplate" id="8">
				<Anchors>
					<Anchor point="TOP" relativeTo="$parentBag3" relativePoint="BOTTOM">
						<Offset>
							<AbsDimension x="0" y="-2"/>
						</Offset>
					</Anchor>
				</Anchors>
			</CheckButton>
			<CheckButton name="$parentBag5" inherits="OneBankBagTemplate" id="9">
				<Anchors>
					<Anchor point="LEFT" relativeTo="$parentBag3" relativePoint="RIGHT">
						<Offset>
							<AbsDimension x="2" y="0"/>
						</Offset>
					</Anchor>
				</Anchors>
			</CheckButton>
			<CheckButton name="$parentBag6" inherits="OneBankBagTemplate" id="10">
				<Anchors>
					<Anchor point="TOP" relativeTo="$parentBag5" relativePoint="BOTTOM">
						<Offset>
							<AbsDimension x="0" y="-2"/>
						</Offset>
					</Anchor>
				</Anchors>
			</CheckButton>
			<Frame name="$parentPurchaseInfo" hidden="false">
				<Layers>
					<Layer level="BACKGROUND">
						<FontString name="$parentSlotCost" inherits="GameFontNormal" text="COSTS_LABEL">
							<Anchors>
								<Anchor point="CENTER" relativeTo="OBBBagFraBag4" relativePoint="BOTTOMLEFT">
									<Offset>
										<AbsDimension x="2" y="-16"/>
									</Offset>
								</Anchor>
							</Anchors>
						</FontString>
					</Layer>
				</Layers>
				<Frames>
					<Button name="$parentPurchaseButton" inherits="UIPanelButtonTemplate" virtual="true" text="BANKSLOTPURCHASE">
						<Size>
							<AbsDimension x="85" y="21"/>
						</Size>
						<Anchors>
							<Anchor point="CENTER" relativeTo="$parentSlotCost" relativePoint="BOTTOM">
								<Offset>
									<AbsDimension x="16" y="-16"/>
								</Offset>
							</Anchor>
						</Anchors>
						<Scripts>
							<OnClick>
								PlaySound("igMainMenuOption")
								StaticPopup_Show("CONFIRM_BUY_BANK_SLOT")
							</OnClick>
						</Scripts>
					</Button>
					<Frame name="$parentDetailMoneyFrame" inherits="SmallMoneyFrameTemplate" hidden="false">
						<Anchors>
							<Anchor point="LEFT" relativeTo="$parentSlotCost" relativePoint="RIGHT">
								<Offset>
									<AbsDimension x="5" y="0"/>
								</Offset>
							</Anchor>
						</Anchors>
						<Scripts>
							<OnLoad>
								SmallMoneyFrame_OnLoad();
								MoneyFrame_SetType("STATIC");
							</OnLoad>
						</Scripts>
					</Frame>
				</Frames>
			</Frame>
		</Frames>
	</Frame>
</Ui>