<Ui xmlns="http://www.blizzard.com/wow/ui/" xmlns:xsi="http://www.w3.org/2001/XMLSchema-instance" xsi:schemaLocation="http://www.blizzard.com/wow/ui/
C:\Projects\WoW\Bin\Interface\FrameXML\UI.xsd">

<Include file="locale\enUS\mainText.lua"/>
<Include file="locale\enUS\qDataName.lua"/>
<Include file="locale\enUS\itemData.lua"/>
<Include file="locale\enUS\npcData.lua"/>
<Include file="locale\enUS\qData.lua"/>
<Include file="locale\enUS\zoneData.lua"/>

<Include file="locale\ruRU\mainText_ruRU.lua"/>
<Include file="locale\ruRU\qDataName_ruRU.lua"/>
<Include file="locale\ruRU\itemData_ruRU.lua"/>
<Include file="locale\ruRU\npcData_ruRU.lua"/>
<Include file="locale\ruRU\qData_ruRU.lua"/>
<Include file="locale\ruRU\zoneData_ruRU.lua"/>

<script file="WHDB.lua"/>
<Frame name="SCTFarmerFrame" parent="UIParent" hidden="false">
	<Scripts>
		<OnLoad>
			WHDB_Init();
		</OnLoad>
		<OnEvent>
			WHDB_Event(event);
		</OnEvent>
	</Scripts>
</Frame>
</Ui>