<Ui xmlns="http://www.blizzard.com/wow/ui/" xmlns:xsi="http://www.w3.org/2001/XMLSchema-instance" xsi:schemaLocation="http://www.blizzard.com/wow/ui/
C:\Projects\WoW\Bin\Interface\FrameXML\UI.xsd">
	<Script file="LazyPig.lua"/>
	<Script file="Localization.lua"/>
	<Frame name="LazyPig">
		<Scripts>
			<OnLoad>
				LazyPig_OnLoad();
			</OnLoad>
			<OnEvent>
				 LazyPig_OnEvent(event);
			</OnEvent>
			<OnUpdate>
				LazyPig_OnUpdate();
			</OnUpdate>
		</Scripts>
	</Frame>
</Ui>