<Ui xmlns="http://www.blizzard.com/wow/ui/" xmlns:xsi="http://www.w3.org/2001/XMLSchema-instance" xsi:schemaLocation="http://www.blizzard.com/wow/ui/
..\FrameXML\UI.xsd">
	<Include file="Locale\Localization.lua"/>
	<Include file="Locale\Localization.RU.lua"/>
	<Include file="Locale\Localization.DE.lua"/>
	<Include file="Locale\Localization.FR.lua"/>
	<Script file="BonusScanner.lua"/>

	<Frame name="BonusScannerFrame" parent="UIParent" hidden="false">
		<Scripts>
			<OnLoad>
				BonusScanner:OnLoad();
			</OnLoad>
			<OnEvent>
				BonusScanner:OnEvent();
			</OnEvent>
			<OnUpdate>
				BonusScanner:OnUpdate(arg1);
			</OnUpdate>
		</Scripts>	
	</Frame>
	<GameTooltip name="BonusScannerTooltip" frameStrata="TOOLTIP" hidden="true" parent="UIParent" inherits="GameTooltipTemplate"/>
</Ui>