<!--

	Atlas, a World of Warcraft instance map browser
	Copyright 2005 - 2008 Dan Gilbert
	Email me at loglow@gmail.com

	This file is part of Atlas.

	Atlas is free software; you can redistribute it and/or modify
	it under the terms of the GNU General Public License as published by
	the Free Software Foundation; either version 2 of the License, or
	(at your option) any later version.

	Atlas is distributed in the hope that it will be useful,
	but WITHOUT ANY WARRANTY; without even the implied warranty of
	MERCHANTABILITY or FITNESS FOR A PARTICULAR PURPOSE.  See the
	GNU General Public License for more details.

	You should have received a copy of the GNU General Public License
	along with Atlas; if not, write to the Free Software
	Foundation, Inc., 51 Franklin St, Fifth Floor, Boston, MA  02110-1301  USA

-->

<Ui xmlns="http://www.blizzard.com/wow/ui/" xmlns:xsi="http://www.w3.org/2001/XMLSchema-instance" xsi:schemaLocation="http://www.blizzard.com/wow/ui/
..\FrameXML\UI.xsd">
	<Frame name="AtlasOptionsFrame" toplevel="true" frameStrata="DIALOG" movable="true" enableMouse="true" hidden="true" parent="UIParent" clampedToScreen="true">
		<Size>
			<AbsDimension x="300" y="570"/>
		</Size>
		<Anchors>
			<Anchor point="CENTER"/>
		</Anchors>
		<Backdrop bgFile="Interface\DialogFrame\UI-DialogBox-Background" edgeFile="Interface\DialogFrame\UI-DialogBox-Border" tile="true">
			<BackgroundInsets>
				<AbsInset left="11" right="12" top="12" bottom="11"/>
			</BackgroundInsets>
			<TileSize>
				<AbsValue val="32"/>
			</TileSize>
			<EdgeSize>
				<AbsValue val="32"/>
			</EdgeSize>
		</Backdrop>
		<Layers>
			<Layer level="ARTWORK">
				<Texture name="$parentHeader" file="Interface\DialogFrame\UI-DialogBox-Header">
					<Size>
						<AbsDimension x="256" y="64"/>
					</Size>
					<Anchors>
						<Anchor point="TOP">
							<Offset>
								<AbsDimension x="0" y="14"/>
							</Offset>
						</Anchor>
					</Anchors>
				</Texture>
				<FontString name="$parent_Title" inherits="GameFontNormal">
					<Anchors>
						<Anchor point="TOP">
							<Offset>
								<AbsDimension x="0" y="0"/>
							</Offset>
						</Anchor>
					</Anchors>
				</FontString>
			</Layer>
		</Layers>
		<Frames>
			<CheckButton name="$ParentToggleButton" inherits="OptionsCheckButtonTemplate">
				<Anchors>
					<Anchor point="TOPLEFT">
						<Offset>
							<AbsDimension x="20" y="-60"/>
						</Offset>
					</Anchor>
				</Anchors>
				<Scripts>
					<OnLoad>
						getglobal(this:GetName().."Text"):SetText(ATLAS_OPTIONS_SHOWBUT)
					</OnLoad>
					<OnClick>
						AtlasButton_Toggle()
					</OnClick>
				</Scripts>
			</CheckButton>
			<CheckButton name="$ParentAutoSelect" inherits="OptionsCheckButtonTemplate">
				<Anchors>
					<Anchor point="TOPLEFT">
						<Offset>
							<AbsDimension x="20" y="-90"/>
						</Offset>
					</Anchor>
				</Anchors>
				<Scripts>
					<OnLoad>
						getglobal(this:GetName().."Text"):SetText(ATLAS_OPTIONS_AUTOSEL)
					</OnLoad>
					<OnClick>
						AtlasOptions_AutoSelectToggle()
					</OnClick>
				</Scripts>
			</CheckButton>
			<CheckButton name="$ParentRightClick" inherits="OptionsCheckButtonTemplate">
				<Anchors>
					<Anchor point="TOPLEFT">
						<Offset>
							<AbsDimension x="20" y="-120"/>
						</Offset>
					</Anchor>
				</Anchors>
				<Scripts>
					<OnLoad>
						getglobal(this:GetName().."Text"):SetText(ATLAS_OPTIONS_RCLICK)
					</OnLoad>
					<OnClick>
						AtlasOptions_RightClickToggle()
					</OnClick>
				</Scripts>
			</CheckButton>
			<CheckButton name="$ParentAcronyms" inherits="OptionsCheckButtonTemplate">
				<Anchors>
					<Anchor point="TOPLEFT">
						<Offset>
							<AbsDimension x="20" y="-150"/>
						</Offset>
					</Anchor>
				</Anchors>
				<Scripts>
					<OnLoad>
						getglobal(this:GetName().."Text"):SetText(ATLAS_OPTIONS_ACRONYMS)
					</OnLoad>
					<OnClick>
						AtlasOptions_AcronymsToggle()
					</OnClick>
				</Scripts>
			</CheckButton>
			<CheckButton name="$ParentClamped" inherits="OptionsCheckButtonTemplate">
				<Anchors>
					<Anchor point="TOPLEFT">
						<Offset>
							<AbsDimension x="20" y="-180"/>
						</Offset>
					</Anchor>
				</Anchors>
				<Scripts>
					<OnLoad>
						getglobal(this:GetName().."Text"):SetText(ATLAS_OPTIONS_CLAMPED)
					</OnLoad>
					<OnClick>
						AtlasOptions_ClampedToggle()
					</OnClick>
				</Scripts>
			</CheckButton>
			<Slider name="$ParentSliderButtonPos" inherits="OptionsSliderTemplate">
				<Size>
					<AbsDimension x="240" y="16"/>
				</Size>
				<Anchors>
					<Anchor point="TOP">
						<Offset>
							<AbsDimension x="0" y="-300" />
						</Offset>
					</Anchor>
				</Anchors>
				<Scripts>
					<OnLoad>
						AtlasOptions_SetupSlider(ATLAS_OPTIONS_BUTPOS, 0, 360, 1)
					</OnLoad>
					<OnValueChanged>
						AtlasOptions_UpdateSlider(ATLAS_OPTIONS_BUTPOS)
						AtlasOptions.AtlasButtonPosition = this:GetValue()
						AtlasButton_UpdatePosition()
					</OnValueChanged>
				</Scripts>
			</Slider>
			<Slider name="$ParentSliderButtonRad" inherits="OptionsSliderTemplate">
				<Size>
					<AbsDimension x="240" y="16"/>
				</Size>
				<Anchors>
					<Anchor point="TOP">
						<Offset>
							<AbsDimension x="0" y="-340" />
						</Offset>
					</Anchor>
				</Anchors>
				<Scripts>
					<OnLoad>
						AtlasOptions_SetupSlider(ATLAS_OPTIONS_BUTRAD, 0, 200, 1)
					</OnLoad>
					<OnValueChanged>
						AtlasOptions_UpdateSlider(ATLAS_OPTIONS_BUTRAD)
						AtlasOptions.AtlasButtonRadius = this:GetValue()
						AtlasButton_UpdatePosition()
					</OnValueChanged>
				</Scripts>
			</Slider>
			<Slider name="$ParentSliderAlpha" inherits="OptionsSliderTemplate">
				<Size>
					<AbsDimension x="240" y="16"/>
				</Size>
				<Anchors>
					<Anchor point="TOP">
						<Offset>
							<AbsDimension x="0" y="-380" />
						</Offset>
					</Anchor>
				</Anchors>
				<Scripts>
					<OnLoad>
						AtlasOptions_SetupSlider(ATLAS_OPTIONS_TRANS, 0.25, 1.0, 0.01)
					</OnLoad>
					<OnValueChanged>
						AtlasOptions_UpdateSlider(ATLAS_OPTIONS_TRANS)
						AtlasOptions.AtlasAlpha = this:GetValue()
						Atlas_UpdateAlpha()
					</OnValueChanged>
				</Scripts>
			</Slider>
			<Slider name="$ParentSliderScale" inherits="OptionsSliderTemplate">
				<Size>
					<AbsDimension x="240" y="16"/>
				</Size>
				<Anchors>
					<Anchor point="TOP">
						<Offset>
							<AbsDimension x="0" y="-420" />
						</Offset>
					</Anchor>
				</Anchors>
				<Scripts>
					<OnLoad>
						AtlasOptions_SetupSlider(ATLAS_OPTIONS_SCALE, 0.25, 1.5, 0.01)
					</OnLoad>
					<OnValueChanged>
						AtlasOptions_UpdateSlider(ATLAS_OPTIONS_SCALE)
						AtlasOptions.AtlasScale = this:GetValue()
						Atlas_UpdateScale()
					</OnValueChanged>
				</Scripts>
			</Slider>
			<Button name="$ParentDropDownCats" inherits="UIDropDownMenuTemplate">
				<Layers>
					<Layer level="BACKGROUND">
						<FontString name="$parentLabel" inherits="GameFontNormalSmall" text="ATLAS_OPTIONS_CATDD">
							<Anchors>
								<Anchor point="BOTTOMLEFT" relativePoint="TOPLEFT">
									<Offset>
										<AbsDimension x="21" y="0"/>
									</Offset>
								</Anchor>
							</Anchors>
						</FontString>
					</Layer>
				</Layers>
				<Anchors>
					<Anchor point="TOPLEFT">
						<Offset>
							<AbsDimension x="5" y="-475"/>
						</Offset>
					</Anchor>
				</Anchors>
				<Scripts>
					<OnShow>
						AtlasOptionsFrameDropDownCats_OnShow()
					</OnShow>
				</Scripts>
			</Button>
			<Button name="$ParentResetPosition" inherits="UIPanelButtonTemplate2" text="ATLAS_OPTIONS_RESETPOS">
				<Size>
					<AbsDimension x="160" y="32"/>
				</Size>
				<Anchors>
					<Anchor point="BOTTOMLEFT">
						<Offset>
							<AbsDimension x="22" y="18"/>
						</Offset>
					</Anchor>
				</Anchors>
				<Scripts>
					<OnClick>
						AtlasOptions_ResetPosition()
					</OnClick>
				</Scripts>
			</Button>
			<Button name="$ParentDone" inherits="UIPanelButtonTemplate2" text="ATLAS_OPTIONS_DONE">
				<Size>
					<AbsDimension x="80" y="32"/>
				</Size>
				<Anchors>
					<Anchor point="BOTTOMRIGHT">
						<Offset>
							<AbsDimension x="-22" y="18"/>
						</Offset>
					</Anchor>
				</Anchors>
				<Scripts>
					<OnClick>
						AtlasOptions_Toggle()
					</OnClick>
				</Scripts>
			</Button>
		</Frames>
		<Scripts>
			<OnLoad>
				this:RegisterForDrag("LeftButton")
				this:SetMovable(1)
				local AL = AceLibrary("AceLocale-2.2"):new("Atlas")
				getglobal("AtlasOptionsFrame_Title"):SetText(AL["Atlas Options"])
			</OnLoad>
			<OnDragStart>
				this:StartMoving()
				this.isMoving = true
			</OnDragStart>
			<OnDragStop>
				this:StopMovingOrSizing()
				this.isMoving = false
			</OnDragStop>
		</Scripts>
	</Frame>
</Ui>