<Ui xmlns="http://www.blizzard.com/wow/ui/" xmlns:xsi="http://www.w3.org/2001/XMLSchema-instance" xsi:schemaLocation="http://www.blizzard.com/wow/ui/
..\FrameXML\UI.xsd">

	<!-- https://github.com/tekkub/wow-ui-source/blob/1.12.1/FrameXML/TargetFrame.xml -->
	<Button name="FocusDebuffButtonTemplate" virtual="true" hidden="true">
		<Size>
			<AbsDimension x="17" y="17"/>
		</Size>
		<Layers>
			<Layer level="ARTWORK">
				<Texture name="$parentIcon" setAllPoints="true"/>
			</Layer>
			<Layer level="OVERLAY">
				<Texture name="$parentBorder" file="Interface\Buttons\UI-Debuff-Overlays">
					<Size>
						<AbsDimension x="19" y="19"/>
					</Size>
					<Anchors>
						<Anchor point="CENTER">
							<Offset>
								<AbsDimension x="0" y="0"/>
							</Offset>
						</Anchor>
					</Anchors>
					<TexCoords left="0.296875" right="0.5703125" top="0" bottom="0.515625"/>
				</Texture>	
				<FontString name="$parentCount" inherits="NumberFontNormalSmall">
					<Anchors>
						<Anchor point="BOTTOMRIGHT">
							<Offset>
								<AbsDimension x="-1" y="0"/>
							</Offset>
						</Anchor>
					</Anchors>
				</FontString>
			</Layer>
		</Layers>
	</Button>

	<Button name="FocusBuffButtonTemplate" virtual="true">
		<Size>
			<AbsDimension x="21" y="21"/>
		</Size>
		<Layers>
			<Layer level="ARTWORK">
				<Texture name="$parentIcon" setAllPoints="true"/>
			</Layer>
		</Layers>
	</Button>

	<Button name="FocusFrame" frameStrata="LOW" enableMouse="true" toplevel="true" movable="true" parent="UIParent" hidden="true">
		<Size>
			<AbsDimension x="232" y="100"/>
		</Size>
		<Anchors>
			<Anchor point="TOPLEFT">
				<Offset>
					<AbsDimension x="250" y="-300"/>
				</Offset>
			</Anchor>
		</Anchors>
		<HitRectInsets>
			<AbsInset left="96" right="6" top="4" bottom="9"/>
		</HitRectInsets>

		<Layers>
			<Layer level="BACKGROUND">
				<Texture name="FocusFrameBackground">
					<Size>
						<AbsDimension x="119" y="41"/>
					</Size>
					<Anchors>
						<Anchor point="TOPRIGHT">
							<Offset>
								<AbsDimension x="-106" y="-22"/>
							</Offset>
						</Anchor>
					</Anchors>
					<Color r="0" g="0" b="0" a="0.5"/>
				</Texture>
				<Texture name="FocusFrameNameBackground" file="Interface\TargetingFrame\UI-TargetingFrame-LevelBackground">
					<Size>
						<AbsDimension x="119" y="19"/>
					</Size>
					<Anchors>
						<Anchor point="TOPRIGHT">
							<Offset>
								<AbsDimension x="-106" y="-22"/>
							</Offset>
						</Anchor>
					</Anchors>
				</Texture>
			</Layer>
			<Layer level="BORDER">
				<Texture name="FocusPortrait">
					<Size>
						<AbsDimension x="64" y="64"/>
					</Size>
					<Anchors>
						<Anchor point="TOPRIGHT">
							<Offset>
								<AbsDimension x="-42" y="-12"/>
							</Offset>
						</Anchor>
					</Anchors>
				</Texture>
			</Layer>
		</Layers>

		<Frames>
			<Frame name="FocusFrameTextureFrame" setAllPoints="true">
				<Layers>
					<Layer level="BACKGROUND">
						<Texture name="FocusFrameTexture" file="Interface\TargetingFrame\UI-TargetingFrame">
							<TexCoords left="0.09375" right="1.0" top="0" bottom="0.78125"/>
						</Texture>
						<FontString name="FocusName" inherits="GameFontNormalSmall">
							<Size>
								<AbsDimension x="100" y="10"/>
							</Size>
							<Anchors>
								<Anchor point="CENTER">
									<Offset>
										<AbsDimension x="-50" y="19"/>
									</Offset>
								</Anchor>
							</Anchors>
						</FontString>
						<FontString name="FocusLevelText" inherits="GameFontNormalSmall">
							<Anchors>
								<Anchor point="CENTER">
									<Offset>
										<AbsDimension x="63" y="-16"/>
									</Offset>
								</Anchor>
							</Anchors>
						</FontString>
						<FontString name="FocusFrameHealthBarText" inherits="TextStatusBarText">
							<Anchors>
								<Anchor point="CENTER">
									<Offset>
										<AbsDimension x="-50" y="4"/>
									</Offset>
								</Anchor>
							</Anchors>
						</FontString>
						<FontString name="FocusFrameManaBarText" inherits="TextStatusBarText">
							<Anchors>
								<Anchor point="CENTER">
									<Offset>
										<AbsDimension x="-50" y="-8"/>
									</Offset>
								</Anchor>
							</Anchors>
						</FontString>
						<FontString name="FocusDeadText" inherits="GameFontNormalSmall" text="DEAD">
							<Anchors>
								<Anchor point="CENTER">
									<Offset>
										<AbsDimension x="-50" y="3"/>
									</Offset>
								</Anchor>
							</Anchors>
						</FontString>
					</Layer>
					<Layer level="ARTWORK">
						<Texture name="FocusHighLevelTexture" file="Interface\TargetingFrame\UI-TargetingFrame-Skull">
							<Size>
								<AbsDimension x="16" y="16"/>
							</Size>
							<Anchors>
								<Anchor point="CENTER">
									<Offset>
										<AbsDimension x="63" y="-16"/>
									</Offset>
								</Anchor>
							</Anchors>
						</Texture>
						<Texture name="FocusLeaderIcon" file="Interface\GroupFrame\UI-Group-LeaderIcon" hidden="true">
							<Size>
								<AbsDimension x="16" y="16"/>
							</Size>
							<Anchors>
								<Anchor point="TOPRIGHT">
									<Offset>
										<AbsDimension x="-44" y="-10"/>
									</Offset>
								</Anchor>
							</Anchors>
						</Texture>
						<Texture name="FocusPVPIcon" hidden="true">
							<Size>
								<AbsDimension x="64" y="64"/>
							</Size>
							<Anchors>
								<Anchor point="TOPRIGHT">
									<Offset>
										<AbsDimension x="3" y="-20"/>
									</Offset>
								</Anchor>
							</Anchors>
						</Texture>
						<Texture name="FocusRaidTargetIcon" file="Interface\TargetingFrame\UI-RaidTargetingIcons" hidden="true">
							<Size>
								<AbsDimension x="26" y="26"/>
							</Size>
							<Anchors>
								<Anchor point="CENTER" relativePoint="TOPRIGHT">
									<Offset>
										<AbsDimension x="-73" y="-14"/>
									</Offset>
								</Anchor>
							</Anchors>
						</Texture>
					</Layer>
				</Layers>
			</Frame>

			<StatusBar name="FocusFrameHealthBar" inherits="TextStatusBar" frameLevel="1">
				<Size>
					<AbsDimension x="119" y="12"/>
				</Size>
				<Anchors>
					<Anchor point="TOPRIGHT">
						<Offset>
							<AbsDimension x="-106" y="-41"/>
						</Offset>
					</Anchor>
				</Anchors>

				<BarTexture file="Interface\TargetingFrame\UI-StatusBar"/>
				<BarColor r="0" g="1" b="0"/>
			</StatusBar>
			<StatusBar name="FocusFrameManaBar" inherits="TextStatusBar" frameLevel="1">
				<Size>
					<AbsDimension x="119" y="12"/>
				</Size>
				<Anchors>
					<Anchor point="TOPRIGHT">
						<Offset>
							<AbsDimension x="-106" y="-52"/>
						</Offset>
					</Anchor>
				</Anchors>

				<BarTexture file="Interface\TargetingFrame\UI-StatusBar"/>
				<BarColor r="0" g="0" b="1.0"/>
			</StatusBar>

			<Button name="FocusFrameDebuff1" inherits="FocusDebuffButtonTemplate" id="1">
				<Anchors>
					<Anchor point="TOPLEFT" relativePoint="BOTTOMLEFT">
						<Offset>
							<AbsDimension x="5" y="32"/>
						</Offset>
					</Anchor>
				</Anchors>
			</Button>
			<Button name="FocusFrameDebuff2" inherits="FocusDebuffButtonTemplate" id="2">
				<Anchors>
					<Anchor point="LEFT" relativeTo="FocusFrameDebuff1" relativePoint="RIGHT">
						<Offset>
							<AbsDimension x="3" y="0"/>
						</Offset>
					</Anchor>
				</Anchors>
			</Button>
			<Button name="FocusFrameDebuff3" inherits="FocusDebuffButtonTemplate" id="3">
				<Anchors>
					<Anchor point="LEFT" relativeTo="FocusFrameDebuff2" relativePoint="RIGHT">
						<Offset>
							<AbsDimension x="3" y="0"/>
						</Offset>
					</Anchor>
				</Anchors>
			</Button>
			<Button name="FocusFrameDebuff4" inherits="FocusDebuffButtonTemplate" id="4">
				<Anchors>
					<Anchor point="LEFT" relativeTo="FocusFrameDebuff3" relativePoint="RIGHT">
						<Offset>
							<AbsDimension x="3" y="0"/>
						</Offset>
					</Anchor>
				</Anchors>
			</Button>
			<Button name="FocusFrameDebuff5" inherits="FocusDebuffButtonTemplate" id="5">
				<Anchors>
					<Anchor point="LEFT" relativeTo="FocusFrameDebuff4" relativePoint="RIGHT">
						<Offset>
							<AbsDimension x="3" y="0"/>
						</Offset>
					</Anchor>
				</Anchors>
			</Button>
			<Button name="FocusFrameDebuff6" inherits="FocusDebuffButtonTemplate" id="6">
				<Anchors>
					<Anchor point="LEFT" relativeTo="FocusFrameDebuff5" relativePoint="RIGHT">
						<Offset>
							<AbsDimension x="3" y="0"/>
						</Offset>
					</Anchor>
				</Anchors>
			</Button>
			<Button name="FocusFrameDebuff7" inherits="FocusDebuffButtonTemplate" id="7">
				<Anchors>
					<Anchor point="TOPLEFT" relativeTo="FocusFrameDebuff1" relativePoint="BOTTOMLEFT">
						<Offset>
							<AbsDimension x="0" y="-3"/>
						</Offset>
					</Anchor>
				</Anchors>
			</Button>
			<Button name="FocusFrameDebuff8" inherits="FocusDebuffButtonTemplate" id="8">
				<Anchors>
					<Anchor point="LEFT" relativeTo="FocusFrameDebuff7" relativePoint="RIGHT">
						<Offset>
							<AbsDimension x="3" y="0"/>
						</Offset>
					</Anchor>
				</Anchors>
			</Button>
			<Button name="FocusFrameDebuff9" inherits="FocusDebuffButtonTemplate" id="9">
				<Anchors>
					<Anchor point="LEFT" relativeTo="FocusFrameDebuff8" relativePoint="RIGHT">
						<Offset>
							<AbsDimension x="3" y="0"/>
						</Offset>
					</Anchor>
				</Anchors>
			</Button>
			<Button name="FocusFrameDebuff10" inherits="FocusDebuffButtonTemplate" id="10">
				<Anchors>
					<Anchor point="LEFT" relativeTo="FocusFrameDebuff9" relativePoint="RIGHT">
						<Offset>
							<AbsDimension x="3" y="0"/>
						</Offset>
					</Anchor>
				</Anchors>
			</Button>
			<Button name="FocusFrameDebuff11" inherits="FocusDebuffButtonTemplate" id="11">
				<Anchors>
					<Anchor point="LEFT" relativeTo="FocusFrameDebuff10" relativePoint="RIGHT">
						<Offset>
							<AbsDimension x="3" y="0"/>
						</Offset>
					</Anchor>
				</Anchors>
			</Button>
			<Button name="FocusFrameDebuff12" inherits="FocusDebuffButtonTemplate" id="12">
				<Anchors>
					<Anchor point="LEFT" relativeTo="FocusFrameDebuff11" relativePoint="RIGHT">
						<Offset>
							<AbsDimension x="3" y="0"/>
						</Offset>
					</Anchor>
				</Anchors>
			</Button>
			<Button name="FocusFrameDebuff13" inherits="FocusDebuffButtonTemplate" id="13">
				<Anchors>
					<Anchor point="LEFT" relativeTo="FocusFrameDebuff12" relativePoint="RIGHT">
						<Offset>
							<AbsDimension x="3" y="0"/>
						</Offset>
					</Anchor>
				</Anchors>
			</Button>
			<Button name="FocusFrameDebuff14" inherits="FocusDebuffButtonTemplate" id="14">
				<Anchors>
					<Anchor point="LEFT" relativeTo="FocusFrameDebuff13" relativePoint="RIGHT">
						<Offset>
							<AbsDimension x="3" y="0"/>
						</Offset>
					</Anchor>
				</Anchors>
			</Button>
			<Button name="FocusFrameDebuff15" inherits="FocusDebuffButtonTemplate" id="15">
				<Anchors>
					<Anchor point="LEFT" relativeTo="FocusFrameDebuff14" relativePoint="RIGHT">
						<Offset>
							<AbsDimension x="3" y="0"/>
						</Offset>
					</Anchor>
				</Anchors>
			</Button>
			<Button name="FocusFrameDebuff16" inherits="FocusDebuffButtonTemplate" id="16">
				<Anchors>
					<Anchor point="LEFT" relativeTo="FocusFrameDebuff15" relativePoint="RIGHT">
						<Offset>
							<AbsDimension x="3" y="0"/>
						</Offset>
					</Anchor>
				</Anchors>
			</Button>
			<Button name="FocusFrameBuff1" inherits="FocusBuffButtonTemplate" id="1">
				<Anchors>
					<Anchor point="TOPLEFT" relativeTo="FocusFrameDebuff1" relativePoint="BOTTOMLEFT">
						<Offset>
							<AbsDimension x="0" y="-2"/>
						</Offset>
					</Anchor>
				</Anchors>
			</Button>
			<Button name="FocusFrameBuff2" inherits="FocusBuffButtonTemplate" id="2">
				<Anchors>
					<Anchor point="LEFT" relativeTo="FocusFrameBuff1" relativePoint="RIGHT">
						<Offset>
							<AbsDimension x="3" y="0"/>
						</Offset>
					</Anchor>
				</Anchors>
			</Button>
			<Button name="FocusFrameBuff3" inherits="FocusBuffButtonTemplate" id="3">
				<Anchors>
					<Anchor point="LEFT" relativeTo="FocusFrameBuff2" relativePoint="RIGHT">
						<Offset>
							<AbsDimension x="3" y="0"/>
						</Offset>
					</Anchor>
				</Anchors>
			</Button>
			<Button name="FocusFrameBuff4" inherits="FocusBuffButtonTemplate" id="4">
				<Anchors>
					<Anchor point="LEFT" relativeTo="FocusFrameBuff3" relativePoint="RIGHT">
						<Offset>
							<AbsDimension x="3" y="0"/>
						</Offset>
					</Anchor>
				</Anchors>
			</Button>
			<Button name="FocusFrameBuff5" inherits="FocusBuffButtonTemplate" id="5">
				<Anchors>
					<Anchor point="LEFT" relativeTo="FocusFrameBuff4" relativePoint="RIGHT">
						<Offset>
							<AbsDimension x="3" y="0"/>
						</Offset>
					</Anchor>
				</Anchors>
			</Button>
		</Frames>

		<Scripts>
			<OnLoad>
				FocusFrame:RegisterForDrag("LeftButton")
				FocusFrame:RegisterForClicks("RightButtonUp", "LeftButtonUp")
				SetTextStatusBarText(FocusFrameHealthBar, FocusFrameHealthBarText)
				SetTextStatusBarText(FocusFrameManaBar, FocusFrameManaBarText)
				SetTextStatusBarTextZeroText(FocusFrameHealthBar, "")
				SetTextStatusBarTextZeroText(FocusFrameManaBar, "")
				FocusFrameHealthBar.textLockable = 1
				FocusFrameManaBar.textLockable = 1
			</OnLoad>
			<OnShow>
				FocusFrameHealthBar.TextString:SetAlpha(FocusFrameDB.statusText and 0 or 1)
				FocusFrameManaBar.TextString:SetAlpha(FocusFrameDB.statusText and 0 or 1)
				FocusFrame_OnShow()
			</OnShow>
			<OnHide>
				FocusFrame_OnHide()
			</OnHide>
			<OnClick>
				FocusFrame_OnClick(arg1)
			</OnClick>
			<OnDragStart>
				if FocusFrameDB.unlock then
					FocusFrame:StartMoving()
				end
			</OnDragStart>
			<OnDragStop>
				if FocusFrameDB.unlock then
					FocusFrame:StopMovingOrSizing()
				end
			</OnDragStop>
		</Scripts>
	</Button>
</Ui>
