<Bindings>
	
	<Binding name="KLHTM_HIDESHOW" header="KLHTM">

		if KLHTM_Frame:IsVisible() then KLHTM_SetVisible(false) else KLHTM_SetVisible(true) end

	</Binding>



	<Binding name="KLHTM_STOP">

		klhtm.emergencystop()
	</Binding>


	<Binding name="KLHTM_MASTERTARGET">

		if (UnitExists("target")) then
			klhtm.net.sendmastertarget()
		else
			klhtm.net.clearmastertarget()
		end
	</Binding>


	<Binding name="KLHTM_RESETRAID">

		klhtm.net.clearraidthreat()
	</Binding>


</Bindings>